benchmark,time,ext
astar,202.503287,randomized
astar,199.818786,randomized
astar,200.258364,randomized
astar,199.321142,randomized
astar,200.152023,randomized
astar,199.32361,randomized
astar,200.103889,randomized
astar,200.136172,randomized
astar,199.958806,randomized
astar,199.549869,randomized
astar,200.108202,randomized
astar,198.86723,randomized
astar,203.168273,randomized
astar,203.289922,randomized
astar,200.336217,randomized
astar,198.946231,randomized
astar,199.078885,randomized
astar,201.138506,randomized
astar,200.925049,randomized
astar,199.595229,randomized
astar,199.569946,randomized
astar,199.412225,randomized
astar,200.48602,randomized
astar,199.718484,randomized
astar,199.281311,randomized
astar,208.703846,randomized
astar,199.544326,randomized
astar,198.865238,randomized
astar,199.606188,randomized
astar,198.605207,randomized
bzip2,117.410954,randomized
bzip2,117.415681,randomized
bzip2,117.284575,randomized
bzip2,117.58728,randomized
bzip2,117.38537,randomized
bzip2,117.517858,randomized
bzip2,117.537607,randomized
bzip2,117.355762,randomized
bzip2,117.465042,randomized
bzip2,117.126844,randomized
bzip2,117.329378,randomized
bzip2,117.754639,randomized
bzip2,117.808166,randomized
bzip2,117.593812,randomized
bzip2,117.429328,randomized
bzip2,117.757731,randomized
bzip2,117.415862,randomized
bzip2,117.631365,randomized
bzip2,117.580515,randomized
bzip2,117.626992,randomized
bzip2,117.526074,randomized
bzip2,117.599766,randomized
bzip2,117.59298,randomized
bzip2,117.815165,randomized
bzip2,117.328948,randomized
bzip2,117.329956,randomized
bzip2,117.582117,randomized
bzip2,117.51067,randomized
bzip2,117.474707,randomized
bzip2,117.552542,randomized
cactusADM,31.883754,randomized
cactusADM,33.000677,randomized
cactusADM,31.909456,randomized
cactusADM,31.90635,randomized
cactusADM,31.712247,randomized
cactusADM,32.309756,randomized
cactusADM,31.809154,randomized
cactusADM,31.854223,randomized
cactusADM,31.915874,randomized
cactusADM,32.114354,randomized
cactusADM,31.867928,randomized
cactusADM,31.839133,randomized
cactusADM,32.227841,randomized
cactusADM,31.847114,randomized
cactusADM,31.987242,randomized
cactusADM,31.940826,randomized
cactusADM,31.962795,randomized
cactusADM,31.81756,randomized
cactusADM,31.70793,randomized
cactusADM,31.984298,randomized
cactusADM,31.783523,randomized
cactusADM,31.971946,randomized
cactusADM,31.823716,randomized
cactusADM,31.849595,randomized
cactusADM,31.885179,randomized
cactusADM,32.35116,randomized
cactusADM,31.827003,randomized
cactusADM,32.10378,randomized
cactusADM,31.893393,randomized
gcc,2.566718,randomized
gcc,2.575742,randomized
gcc,2.580493,randomized
gcc,2.608254,randomized
gcc,2.551516,randomized
gcc,2.544726,randomized
gcc,2.541583,randomized
gcc,2.597315,randomized
gcc,2.576572,randomized
gcc,2.550325,randomized
gcc,2.564068,randomized
gcc,2.604609,randomized
gcc,2.563148,randomized
gcc,2.585974,randomized
gcc,2.587337,randomized
gcc,2.563362,randomized
gcc,2.559052,randomized
gcc,2.54534,randomized
gcc,2.54828,randomized
gcc,2.555831,randomized
gcc,2.574256,randomized
gcc,2.557682,randomized
gcc,2.578024,randomized
gcc,2.562651,randomized
gcc,2.586243,randomized
gcc,2.595438,randomized
gcc,2.588601,randomized
gcc,2.585995,randomized
gobmk,237.058747,randomized
gobmk,235.497364,randomized
gobmk,235.291079,randomized
gobmk,236.085178,randomized
gobmk,234.757591,randomized
gobmk,234.482297,randomized
gobmk,235.953422,randomized
gobmk,237.005493,randomized
gobmk,237.502916,randomized
gobmk,234.087727,randomized
gobmk,236.368422,randomized
gobmk,235.236065,randomized
gobmk,247.085164,randomized
gobmk,236.850201,randomized
gobmk,237.083391,randomized
gobmk,235.710985,randomized
gobmk,236.109563,randomized
gobmk,236.669689,randomized
gobmk,236.070988,randomized
gobmk,235.372835,randomized
gobmk,233.887676,randomized
gobmk,234.953965,randomized
gobmk,234.966588,randomized
gobmk,238.084075,randomized
gobmk,240.044799,randomized
gobmk,236.176448,randomized
gobmk,236.713363,randomized
gobmk,236.662517,randomized
gobmk,239.585058,randomized
gobmk,239.564934,randomized
gromacs,185.029335,randomized
gromacs,184.077815,randomized
gromacs,184.438243,randomized
gromacs,186.149273,randomized
gromacs,184.044079,randomized
gromacs,184.569899,randomized
gromacs,184.432806,randomized
gromacs,184.304255,randomized
gromacs,184.317181,randomized
gromacs,184.596142,randomized
gromacs,184.910357,randomized
gromacs,184.771732,randomized
gromacs,184.850138,randomized
gromacs,184.650808,randomized
gromacs,184.246438,randomized
gromacs,184.472164,randomized
gromacs,184.727158,randomized
gromacs,184.455381,randomized
gromacs,184.827701,randomized
gromacs,186.180972,randomized
gromacs,185.16614,randomized
gromacs,184.469968,randomized
gromacs,184.323862,randomized
gromacs,184.777458,randomized
gromacs,184.622296,randomized
gromacs,185.036451,randomized
gromacs,184.845665,randomized
gromacs,183.878945,randomized
gromacs,185.057752,randomized
gromacs,184.494118,randomized
h264ref,185.467737,randomized
h264ref,184.781818,randomized
h264ref,184.633408,randomized
h264ref,183.904137,randomized
h264ref,185.07355,randomized
h264ref,184.082882,randomized
h264ref,184.709755,randomized
h264ref,186.287055,randomized
h264ref,185.149157,randomized
h264ref,191.697181,randomized
h264ref,184.424563,randomized
h264ref,183.876926,randomized
h264ref,184.366143,randomized
h264ref,186.289215,randomized
h264ref,185.432606,randomized
h264ref,184.42791,randomized
h264ref,184.478909,randomized
h264ref,185.290873,randomized
h264ref,188.416007,randomized
h264ref,184.956602,randomized
h264ref,185.53544,randomized
h264ref,184.359738,randomized
h264ref,184.832904,randomized
h264ref,185.702099,randomized
h264ref,183.889675,randomized
h264ref,188.069139,randomized
h264ref,185.545557,randomized
h264ref,184.909692,randomized
h264ref,187.035161,randomized
h264ref,185.626856,randomized
hmmer,140.305616,randomized
hmmer,140.191032,randomized
hmmer,140.097942,randomized
hmmer,140.51287,randomized
hmmer,140.209112,randomized
hmmer,139.973348,randomized
hmmer,140.066053,randomized
hmmer,139.810723,randomized
hmmer,140.252063,randomized
hmmer,140.099807,randomized
hmmer,140.551343,randomized
hmmer,140.449968,randomized
hmmer,139.919068,randomized
hmmer,139.950332,randomized
hmmer,140.256127,randomized
hmmer,140.344062,randomized
hmmer,140.093445,randomized
hmmer,139.921025,randomized
hmmer,140.165407,randomized
hmmer,140.450674,randomized
hmmer,139.95335,randomized
hmmer,140.100927,randomized
hmmer,140.281414,randomized
hmmer,140.185814,randomized
hmmer,140.256369,randomized
hmmer,140.050655,randomized
hmmer,140.368651,randomized
hmmer,139.927798,randomized
hmmer,140.323747,randomized
hmmer,139.947415,randomized
lbm,48.790946,randomized
lbm,48.682777,randomized
lbm,48.704813,randomized
lbm,48.684666,randomized
lbm,48.697487,randomized
lbm,48.730945,randomized
lbm,48.756834,randomized
lbm,48.765381,randomized
lbm,48.723426,randomized
lbm,48.827928,randomized
lbm,48.650941,randomized
lbm,48.955245,randomized
lbm,48.71602,randomized
lbm,48.750032,randomized
lbm,48.78254,randomized
lbm,48.624415,randomized
lbm,48.57152,randomized
lbm,48.765985,randomized
lbm,48.719597,randomized
lbm,48.646655,randomized
lbm,48.775112,randomized
lbm,48.672267,randomized
lbm,48.68839,randomized
lbm,48.797985,randomized
lbm,48.736171,randomized
lbm,48.661181,randomized
lbm,48.721565,randomized
lbm,48.733398,randomized
lbm,48.778436,randomized
lbm,48.952116,randomized
libquantum,5.13947,randomized
libquantum,5.1731,randomized
libquantum,5.155973,randomized
libquantum,5.17501,randomized
libquantum,5.155405,randomized
libquantum,5.15221,randomized
libquantum,5.151981,randomized
libquantum,5.156187,randomized
libquantum,5.178688,randomized
libquantum,5.15117,randomized
libquantum,5.14614,randomized
libquantum,5.150375,randomized
libquantum,5.154726,randomized
libquantum,5.155783,randomized
libquantum,5.166201,randomized
libquantum,5.129885,randomized
libquantum,5.158342,randomized
libquantum,5.146176,randomized
libquantum,5.170362,randomized
libquantum,5.180514,randomized
libquantum,5.167855,randomized
libquantum,5.176163,randomized
libquantum,5.153318,randomized
libquantum,5.158568,randomized
libquantum,5.16699,randomized
libquantum,5.158929,randomized
libquantum,5.155048,randomized
libquantum,5.156382,randomized
libquantum,5.149235,randomized
libquantum,5.164039,randomized
mcf,32.357886,randomized
mcf,32.194375,randomized
mcf,32.533105,randomized
mcf,32.658355,randomized
mcf,32.17367,randomized
mcf,32.44809,randomized
mcf,32.353853,randomized
mcf,32.477565,randomized
mcf,32.29834,randomized
mcf,32.229094,randomized
mcf,32.669677,randomized
mcf,32.367211,randomized
mcf,32.035851,randomized
mcf,32.89397,randomized
mcf,32.765323,randomized
mcf,32.505379,randomized
mcf,32.181358,randomized
mcf,32.580852,randomized
mcf,32.355587,randomized
mcf,32.488903,randomized
mcf,32.433321,randomized
mcf,32.403068,randomized
mcf,32.107134,randomized
mcf,32.493742,randomized
mcf,32.619881,randomized
mcf,32.539666,randomized
mcf,32.838155,randomized
mcf,32.307308,randomized
mcf,32.420853,randomized
mcf,32.481682,randomized
milc,25.097766,randomized
milc,25.029077,randomized
milc,25.092846,randomized
milc,25.196811,randomized
milc,25.132166,randomized
milc,25.190066,randomized
milc,25.091444,randomized
milc,25.073727,randomized
milc,25.220753,randomized
milc,25.164001,randomized
milc,25.109229,randomized
milc,25.171753,randomized
milc,25.076398,randomized
milc,25.120206,randomized
milc,25.102987,randomized
milc,25.090461,randomized
milc,25.125697,randomized
milc,25.126472,randomized
milc,25.103268,randomized
milc,25.076263,randomized
milc,25.121227,randomized
milc,25.134567,randomized
milc,25.140373,randomized
milc,25.153778,randomized
milc,25.136208,randomized
milc,25.221982,randomized
milc,25.221576,randomized
milc,25.191024,randomized
milc,25.095217,randomized
milc,25.117427,randomized
namd,24.798932,randomized
namd,24.791694,randomized
namd,24.768857,randomized
namd,24.733253,randomized
namd,24.798036,randomized
namd,24.772028,randomized
namd,24.737271,randomized
namd,24.748489,randomized
namd,24.752085,randomized
namd,24.764538,randomized
namd,24.75493,randomized
namd,24.766059,randomized
namd,24.81006,randomized
namd,24.812715,randomized
namd,24.749134,randomized
namd,24.750068,randomized
namd,24.744202,randomized
namd,24.766098,randomized
namd,24.840537,randomized
namd,24.735459,randomized
namd,24.810219,randomized
namd,24.815275,randomized
namd,24.768673,randomized
namd,24.79095,randomized
namd,24.78345,randomized
namd,24.806199,randomized
namd,24.769322,randomized
namd,24.80627,randomized
namd,24.83323,randomized
namd,24.78564,randomized
perlbench,82.40524,randomized
perlbench,81.874382,randomized
perlbench,81.148665,randomized
perlbench,81.576302,randomized
perlbench,82.104827,randomized
perlbench,81.061131,randomized
perlbench,82.146277,randomized
perlbench,80.950825,randomized
perlbench,82.385751,randomized
perlbench,82.162543,randomized
perlbench,82.074929,randomized
perlbench,81.974518,randomized
perlbench,81.607323,randomized
perlbench,81.8156,randomized
perlbench,82.043271,randomized
perlbench,82.020313,randomized
perlbench,81.877316,randomized
perlbench,82.792142,randomized
perlbench,81.035746,randomized
perlbench,81.682651,randomized
perlbench,81.635229,randomized
perlbench,80.710246,randomized
perlbench,81.964395,randomized
perlbench,81.872665,randomized
perlbench,81.847859,randomized
sjeng,361.100962,randomized
sjeng,359.399505,randomized
sjeng,360.397157,randomized
sjeng,357.812061,randomized
sjeng,365.677092,randomized
sjeng,367.533594,randomized
sjeng,363.214056,randomized
sjeng,357.049725,randomized
sjeng,362.878569,randomized
sjeng,363.542518,randomized
sjeng,366.987829,randomized
sjeng,360.822155,randomized
sjeng,357.337141,randomized
sjeng,360.408261,randomized
sjeng,358.18417,randomized
sjeng,361.692715,randomized
sjeng,366.220564,randomized
sjeng,364.590776,randomized
sjeng,362.060651,randomized
sjeng,363.560991,randomized
sjeng,358.824754,randomized
sjeng,359.82572,randomized
sjeng,360.43044,randomized
sjeng,366.836258,randomized
sjeng,361.429383,randomized
sjeng,363.446688,randomized
sjeng,359.98773,randomized
sjeng,357.046488,randomized
sjeng,360.258215,randomized
sjeng,388.996657,randomized
sphinx3,19.531048,randomized
sphinx3,19.550571,randomized
sphinx3,19.52242,randomized
sphinx3,19.456597,randomized
sphinx3,19.474045,randomized
sphinx3,19.348273,randomized
sphinx3,19.368789,randomized
sphinx3,19.561034,randomized
sphinx3,19.523387,randomized
sphinx3,19.493231,randomized
sphinx3,19.631838,randomized
sphinx3,19.602925,randomized
sphinx3,19.619816,randomized
sphinx3,19.57016,randomized
sphinx3,19.675965,randomized
sphinx3,19.685347,randomized
sphinx3,19.635642,randomized
sphinx3,19.573673,randomized
sphinx3,19.646962,randomized
sphinx3,19.606238,randomized
sphinx3,19.442244,randomized
sphinx3,19.545326,randomized
sphinx3,19.670169,randomized
sphinx3,19.468335,randomized
sphinx3,19.451132,randomized
sphinx3,19.455312,randomized
sphinx3,19.491942,randomized
sphinx3,19.512635,randomized
sphinx3,19.509221,randomized
sphinx3,19.516223,randomized
wrf,172.594326,randomized
wrf,172.543673,randomized
wrf,172.272553,randomized
wrf,174.923607,randomized
wrf,172.496897,randomized
wrf,172.677265,randomized
wrf,172.463025,randomized
wrf,172.34565,randomized
wrf,172.58367,randomized
wrf,172.201602,randomized
wrf,172.608101,randomized
wrf,172.975966,randomized
wrf,172.252498,randomized
wrf,172.444805,randomized
wrf,172.340266,randomized
wrf,172.179127,randomized
wrf,172.438237,randomized
wrf,172.722803,randomized
wrf,172.425375,randomized
wrf,172.391072,randomized
wrf,172.5083,randomized
wrf,172.470943,randomized
wrf,172.582914,randomized
wrf,172.820955,randomized
wrf,172.596705,randomized
wrf,172.2942,randomized
wrf,172.370272,randomized
wrf,172.775332,randomized
wrf,172.625273,randomized
wrf,172.574288,randomized
zeusmp,77.961697,randomized
zeusmp,77.092514,randomized
zeusmp,77.299004,randomized
zeusmp,77.587837,randomized
zeusmp,77.249736,randomized
zeusmp,77.238407,randomized
zeusmp,77.140458,randomized
zeusmp,77.632968,randomized
zeusmp,77.611076,randomized
zeusmp,77.58618,randomized
zeusmp,77.100982,randomized
zeusmp,77.200108,randomized
zeusmp,77.328421,randomized
zeusmp,77.460406,randomized
zeusmp,77.399342,randomized
zeusmp,77.421092,randomized
zeusmp,77.109922,randomized
zeusmp,77.744628,randomized
zeusmp,77.469242,randomized
zeusmp,77.406106,randomized
zeusmp,77.608608,randomized
zeusmp,77.910973,randomized
zeusmp,77.40244,randomized
zeusmp,77.561871,randomized
zeusmp,77.333329,randomized
zeusmp,77.697821,randomized
zeusmp,78.028963,randomized
zeusmp,77.485086,randomized
zeusmp,77.417561,randomized
zeusmp,77.123144,randomized
astar,194.130325,re-randomized
astar,194.664018,re-randomized
astar,194.378926,re-randomized
astar,194.161423,re-randomized
astar,194.623871,re-randomized
astar,194.571076,re-randomized
astar,194.423422,re-randomized
astar,194.634432,re-randomized
astar,194.815159,re-randomized
astar,194.741893,re-randomized
astar,194.44076,re-randomized
astar,194.578038,re-randomized
astar,194.604791,re-randomized
astar,194.396049,re-randomized
astar,194.838193,re-randomized
astar,194.90012,re-randomized
astar,194.766357,re-randomized
astar,194.693978,re-randomized
astar,194.351301,re-randomized
astar,194.136008,re-randomized
astar,194.803918,re-randomized
astar,194.418172,re-randomized
astar,194.604737,re-randomized
astar,194.851212,re-randomized
astar,194.546731,re-randomized
astar,194.081896,re-randomized
astar,194.939447,re-randomized
astar,194.9258,re-randomized
astar,195.941531,re-randomized
astar,194.415499,re-randomized
cactusADM,36.787065,re-randomized
cactusADM,37.166324,re-randomized
cactusADM,37.250957,re-randomized
cactusADM,36.816972,re-randomized
cactusADM,37.237784,re-randomized
cactusADM,36.820225,re-randomized
cactusADM,37.17246,re-randomized
cactusADM,37.535629,re-randomized
cactusADM,37.520583,re-randomized
cactusADM,36.671992,re-randomized
cactusADM,37.02217,re-randomized
cactusADM,37.436315,re-randomized
cactusADM,36.878944,re-randomized
cactusADM,36.931043,re-randomized
cactusADM,37.006627,re-randomized
cactusADM,36.871715,re-randomized
cactusADM,36.987942,re-randomized
cactusADM,39.234535,re-randomized
cactusADM,37.469364,re-randomized
cactusADM,37.559503,re-randomized
cactusADM,37.333251,re-randomized
cactusADM,36.614981,re-randomized
cactusADM,37.003374,re-randomized
cactusADM,36.918414,re-randomized
cactusADM,37.39631,re-randomized
cactusADM,37.531067,re-randomized
cactusADM,38.706793,re-randomized
cactusADM,37.68111,re-randomized
bzip2,116.745781,re-randomized
bzip2,116.488386,re-randomized
bzip2,116.390381,re-randomized
bzip2,116.488602,re-randomized
bzip2,116.459213,re-randomized
bzip2,116.660261,re-randomized
bzip2,116.750141,re-randomized
bzip2,116.684518,re-randomized
bzip2,116.281282,re-randomized
bzip2,116.405292,re-randomized
bzip2,116.501986,re-randomized
bzip2,116.988205,re-randomized
bzip2,116.686067,re-randomized
bzip2,116.809615,re-randomized
bzip2,116.968281,re-randomized
bzip2,116.826929,re-randomized
bzip2,116.438846,re-randomized
bzip2,116.301465,re-randomized
bzip2,116.702249,re-randomized
bzip2,116.703178,re-randomized
bzip2,116.372571,re-randomized
bzip2,116.504293,re-randomized
bzip2,116.623896,re-randomized
bzip2,116.327251,re-randomized
bzip2,116.947173,re-randomized
bzip2,116.722339,re-randomized
bzip2,116.874434,re-randomized
bzip2,116.451167,re-randomized
bzip2,116.385069,re-randomized
bzip2,116.440785,re-randomized
gcc,2.673191,re-randomized
gcc,2.662509,re-randomized
gcc,2.663088,re-randomized
gcc,2.684368,re-randomized
gcc,2.682076,re-randomized
gcc,2.655053,re-randomized
gcc,2.674441,re-randomized
gcc,2.656969,re-randomized
gcc,2.670547,re-randomized
gcc,2.654993,re-randomized
gcc,2.668223,re-randomized
gcc,2.663848,re-randomized
gcc,2.645822,re-randomized
gcc,2.65705,re-randomized
gcc,2.669034,re-randomized
gcc,2.66203,re-randomized
gcc,2.652231,re-randomized
gcc,2.681248,re-randomized
gcc,2.657725,re-randomized
gcc,2.664368,re-randomized
gcc,2.673098,re-randomized
gcc,2.668237,re-randomized
gcc,2.646835,re-randomized
gcc,2.67457,re-randomized
gcc,2.665201,re-randomized
gcc,2.668823,re-randomized
gcc,2.708468,re-randomized
gcc,2.691806,re-randomized
gcc,2.670829,re-randomized
gcc,2.694982,re-randomized
gobmk,234.081355,re-randomized
gobmk,233.664017,re-randomized
gobmk,234.0082,re-randomized
gobmk,233.939061,re-randomized
gobmk,233.707286,re-randomized
gobmk,233.554518,re-randomized
gobmk,234.392759,re-randomized
gobmk,233.466752,re-randomized
gobmk,233.653138,re-randomized
gobmk,233.2553,re-randomized
gobmk,233.847895,re-randomized
gobmk,233.239825,re-randomized
gobmk,233.506525,re-randomized
gobmk,234.091891,re-randomized
gobmk,233.925864,re-randomized
gobmk,233.570973,re-randomized
gobmk,233.806915,re-randomized
gobmk,233.391058,re-randomized
gobmk,233.033077,re-randomized
gobmk,233.912737,re-randomized
gobmk,233.65939,re-randomized
gobmk,233.30778,re-randomized
gobmk,233.135432,re-randomized
gobmk,233.674621,re-randomized
gobmk,233.459044,re-randomized
gobmk,234.072698,re-randomized
gobmk,233.612033,re-randomized
gobmk,233.884602,re-randomized
gobmk,233.761624,re-randomized
gobmk,233.319977,re-randomized
gromacs,184.439529,re-randomized
gromacs,184.090706,re-randomized
gromacs,184.494137,re-randomized
gromacs,184.30096,re-randomized
gromacs,184.378476,re-randomized
gromacs,184.847101,re-randomized
gromacs,184.204001,re-randomized
gromacs,184.496212,re-randomized
gromacs,184.436341,re-randomized
gromacs,184.096136,re-randomized
gromacs,184.49538,re-randomized
gromacs,183.92565,re-randomized
gromacs,184.20286,re-randomized
gromacs,184.258564,re-randomized
gromacs,183.939151,re-randomized
gromacs,183.83626,re-randomized
gromacs,184.056004,re-randomized
gromacs,184.316025,re-randomized
gromacs,184.111291,re-randomized
gromacs,184.107956,re-randomized
gromacs,184.78105,re-randomized
gromacs,184.058084,re-randomized
gromacs,184.192962,re-randomized
gromacs,184.178891,re-randomized
gromacs,184.25722,re-randomized
gromacs,183.946943,re-randomized
gromacs,184.269135,re-randomized
gromacs,184.050996,re-randomized
gromacs,184.028239,re-randomized
gromacs,184.238261,re-randomized
h264ref,182.567857,re-randomized
h264ref,182.526524,re-randomized
h264ref,182.145342,re-randomized
h264ref,182.23433,re-randomized
h264ref,182.514408,re-randomized
h264ref,182.264687,re-randomized
h264ref,182.814937,re-randomized
h264ref,182.936604,re-randomized
h264ref,182.785507,re-randomized
h264ref,182.342827,re-randomized
h264ref,182.026037,re-randomized
h264ref,182.103473,re-randomized
h264ref,181.796181,re-randomized
h264ref,181.95143,re-randomized
h264ref,181.999472,re-randomized
h264ref,182.057699,re-randomized
h264ref,181.951196,re-randomized
h264ref,182.96186,re-randomized
h264ref,181.930303,re-randomized
h264ref,182.283977,re-randomized
h264ref,182.917452,re-randomized
h264ref,184.303231,re-randomized
h264ref,182.741487,re-randomized
h264ref,182.284692,re-randomized
h264ref,182.442854,re-randomized
h264ref,182.130339,re-randomized
h264ref,182.362763,re-randomized
h264ref,182.321353,re-randomized
h264ref,182.352277,re-randomized
hmmer,140.937956,re-randomized
hmmer,140.994393,re-randomized
hmmer,141.051969,re-randomized
hmmer,141.630281,re-randomized
hmmer,141.258002,re-randomized
hmmer,141.065777,re-randomized
hmmer,141.189937,re-randomized
hmmer,141.053337,re-randomized
hmmer,141.079131,re-randomized
hmmer,140.866959,re-randomized
hmmer,141.034969,re-randomized
hmmer,141.018553,re-randomized
hmmer,141.170203,re-randomized
hmmer,141.106737,re-randomized
hmmer,140.827631,re-randomized
hmmer,140.929899,re-randomized
hmmer,141.728985,re-randomized
hmmer,140.820897,re-randomized
hmmer,141.045469,re-randomized
hmmer,140.731737,re-randomized
hmmer,140.947001,re-randomized
hmmer,141.201655,re-randomized
hmmer,141.808633,re-randomized
hmmer,141.390096,re-randomized
hmmer,140.989005,re-randomized
hmmer,140.998724,re-randomized
hmmer,140.774957,re-randomized
hmmer,141.30087,re-randomized
hmmer,141.116324,re-randomized
hmmer,141.078531,re-randomized
lbm,48.503262,re-randomized
lbm,48.540436,re-randomized
lbm,48.528666,re-randomized
lbm,48.522689,re-randomized
lbm,48.511883,re-randomized
lbm,48.461893,re-randomized
lbm,48.467008,re-randomized
lbm,48.467595,re-randomized
lbm,48.468347,re-randomized
lbm,48.578841,re-randomized
lbm,48.463616,re-randomized
lbm,48.564233,re-randomized
lbm,48.504597,re-randomized
lbm,48.51892,re-randomized
lbm,48.589427,re-randomized
lbm,48.450912,re-randomized
lbm,48.48975,re-randomized
lbm,48.576555,re-randomized
lbm,48.423132,re-randomized
lbm,48.49715,re-randomized
lbm,48.537303,re-randomized
lbm,48.462084,re-randomized
lbm,48.567323,re-randomized
lbm,48.502284,re-randomized
lbm,48.49298,re-randomized
lbm,48.423929,re-randomized
lbm,48.597478,re-randomized
lbm,48.519614,re-randomized
libquantum,5.155597,re-randomized
libquantum,5.166534,re-randomized
libquantum,5.167778,re-randomized
libquantum,5.158594,re-randomized
libquantum,5.177757,re-randomized
libquantum,5.171469,re-randomized
libquantum,5.159808,re-randomized
libquantum,5.157528,re-randomized
libquantum,5.177016,re-randomized
libquantum,5.170727,re-randomized
libquantum,5.176886,re-randomized
libquantum,5.182913,re-randomized
libquantum,5.16074,re-randomized
libquantum,5.156212,re-randomized
libquantum,5.15771,re-randomized
libquantum,5.172341,re-randomized
libquantum,5.173677,re-randomized
libquantum,5.158028,re-randomized
libquantum,5.170843,re-randomized
libquantum,5.202355,re-randomized
libquantum,5.182844,re-randomized
libquantum,5.189734,re-randomized
libquantum,5.165655,re-randomized
libquantum,5.182368,re-randomized
libquantum,5.160793,re-randomized
libquantum,5.164507,re-randomized
libquantum,5.190099,re-randomized
libquantum,5.154641,re-randomized
libquantum,5.178637,re-randomized
libquantum,5.199623,re-randomized
mcf,32.40164,re-randomized
mcf,32.836881,re-randomized
mcf,32.812012,re-randomized
mcf,32.508098,re-randomized
mcf,32.873702,re-randomized
mcf,32.417754,re-randomized
mcf,32.472186,re-randomized
mcf,32.58309,re-randomized
mcf,32.737978,re-randomized
mcf,32.564173,re-randomized
mcf,32.262411,re-randomized
mcf,33.201417,re-randomized
mcf,32.718051,re-randomized
mcf,33.02822,re-randomized
mcf,32.258749,re-randomized
mcf,32.867785,re-randomized
mcf,32.371479,re-randomized
mcf,32.558697,re-randomized
mcf,32.459043,re-randomized
mcf,32.973164,re-randomized
mcf,32.749825,re-randomized
mcf,32.161095,re-randomized
mcf,33.272313,re-randomized
mcf,32.676203,re-randomized
mcf,32.965233,re-randomized
mcf,32.377428,re-randomized
mcf,32.578387,re-randomized
mcf,33.169692,re-randomized
mcf,32.937681,re-randomized
mcf,32.391372,re-randomized
milc,25.442702,re-randomized
milc,25.456194,re-randomized
milc,25.405443,re-randomized
milc,25.374395,re-randomized
milc,25.408214,re-randomized
milc,25.480743,re-randomized
milc,25.442911,re-randomized
milc,25.361097,re-randomized
milc,25.420398,re-randomized
milc,25.495699,re-randomized
milc,25.412406,re-randomized
milc,25.359405,re-randomized
milc,25.422373,re-randomized
milc,25.394204,re-randomized
milc,25.344689,re-randomized
milc,25.391696,re-randomized
milc,25.369168,re-randomized
milc,25.431551,re-randomized
milc,25.391162,re-randomized
milc,25.350632,re-randomized
milc,25.429273,re-randomized
milc,25.42763,re-randomized
milc,25.507333,re-randomized
milc,25.373665,re-randomized
milc,25.386182,re-randomized
milc,25.341369,re-randomized
milc,25.411947,re-randomized
milc,25.402379,re-randomized
milc,25.34147,re-randomized
milc,25.405782,re-randomized
namd,25.104939,re-randomized
namd,25.078252,re-randomized
namd,25.111657,re-randomized
namd,25.053411,re-randomized
namd,25.087018,re-randomized
namd,25.085499,re-randomized
namd,25.03721,re-randomized
namd,25.09882,re-randomized
namd,25.080191,re-randomized
namd,25.111367,re-randomized
namd,25.079853,re-randomized
namd,25.107836,re-randomized
namd,25.101306,re-randomized
namd,25.105422,re-randomized
namd,25.133523,re-randomized
namd,25.046711,re-randomized
namd,25.14245,re-randomized
namd,25.109288,re-randomized
namd,25.082911,re-randomized
namd,25.07524,re-randomized
namd,25.118301,re-randomized
namd,25.064212,re-randomized
namd,25.053867,re-randomized
namd,25.096708,re-randomized
namd,25.145476,re-randomized
namd,25.107176,re-randomized
namd,25.098488,re-randomized
namd,25.057767,re-randomized
perlbench,84.831178,re-randomized
perlbench,87.910363,re-randomized
perlbench,85.291655,re-randomized
perlbench,85.266451,re-randomized
perlbench,85.122752,re-randomized
perlbench,85.125977,re-randomized
perlbench,84.785222,re-randomized
perlbench,85.055808,re-randomized
perlbench,85.595513,re-randomized
perlbench,85.453677,re-randomized
perlbench,84.795797,re-randomized
perlbench,84.951592,re-randomized
perlbench,85.188917,re-randomized
perlbench,85.305224,re-randomized
perlbench,84.92845,re-randomized
perlbench,84.854721,re-randomized
perlbench,84.799472,re-randomized
perlbench,84.743422,re-randomized
perlbench,85.285566,re-randomized
perlbench,84.879919,re-randomized
perlbench,84.952881,re-randomized
perlbench,85.250925,re-randomized
perlbench,85.377429,re-randomized
perlbench,84.747834,re-randomized
perlbench,84.970081,re-randomized
perlbench,85.197808,re-randomized
perlbench,85.229772,re-randomized
perlbench,85.147769,re-randomized
perlbench,85.395559,re-randomized
perlbench,85.313095,re-randomized
sjeng,360.011361,re-randomized
sjeng,359.947159,re-randomized
sjeng,360.281047,re-randomized
sjeng,360.439206,re-randomized
sjeng,359.619304,re-randomized
sjeng,360.183635,re-randomized
sjeng,359.565171,re-randomized
sjeng,358.927634,re-randomized
sjeng,360.929485,re-randomized
sjeng,360.359048,re-randomized
sjeng,359.555027,re-randomized
sjeng,359.477741,re-randomized
sjeng,359.600574,re-randomized
sjeng,358.926573,re-randomized
sjeng,358.906927,re-randomized
sjeng,360.170003,re-randomized
sjeng,358.89202,re-randomized
sjeng,358.602125,re-randomized
sjeng,359.34237,re-randomized
sjeng,359.444127,re-randomized
sjeng,359.083475,re-randomized
sjeng,360.449009,re-randomized
sjeng,359.804869,re-randomized
sjeng,359.29321,re-randomized
sjeng,358.398035,re-randomized
sjeng,359.377221,re-randomized
sjeng,358.939399,re-randomized
sjeng,359.519023,re-randomized
sjeng,358.358099,re-randomized
sjeng,359.034391,re-randomized
sphinx3,20.096181,re-randomized
sphinx3,20.104351,re-randomized
sphinx3,20.094519,re-randomized
sphinx3,20.175454,re-randomized
sphinx3,20.004005,re-randomized
sphinx3,20.195808,re-randomized
sphinx3,20.190858,re-randomized
sphinx3,19.976169,re-randomized
sphinx3,19.895787,re-randomized
sphinx3,20.091741,re-randomized
sphinx3,20.033075,re-randomized
sphinx3,20.053263,re-randomized
sphinx3,19.821543,re-randomized
sphinx3,20.129975,re-randomized
sphinx3,20.002874,re-randomized
sphinx3,19.94414,re-randomized
sphinx3,20.219532,re-randomized
sphinx3,20.091233,re-randomized
sphinx3,20.22447,re-randomized
sphinx3,20.14384,re-randomized
sphinx3,20.052545,re-randomized
sphinx3,19.844934,re-randomized
sphinx3,20.005174,re-randomized
sphinx3,19.977894,re-randomized
sphinx3,20.024842,re-randomized
sphinx3,20.132502,re-randomized
sphinx3,20.020751,re-randomized
sphinx3,19.910648,re-randomized
sphinx3,19.969245,re-randomized
sphinx3,19.922366,re-randomized
wrf,174.957297,re-randomized
wrf,175.458893,re-randomized
wrf,174.973845,re-randomized
wrf,174.629511,re-randomized
wrf,175.113161,re-randomized
wrf,174.844602,re-randomized
wrf,174.959448,re-randomized
wrf,175.046966,re-randomized
wrf,175.182568,re-randomized
wrf,175.20652,re-randomized
wrf,174.898511,re-randomized
wrf,175.250903,re-randomized
wrf,175.06281,re-randomized
wrf,175.046639,re-randomized
wrf,174.955324,re-randomized
wrf,175.035381,re-randomized
wrf,175.151747,re-randomized
wrf,174.82495,re-randomized
wrf,175.027469,re-randomized
wrf,175.448917,re-randomized
wrf,174.870317,re-randomized
wrf,174.993135,re-randomized
wrf,175.033415,re-randomized
wrf,174.856969,re-randomized
wrf,174.894951,re-randomized
wrf,175.266867,re-randomized
wrf,174.992759,re-randomized
wrf,175.157216,re-randomized
wrf,174.871168,re-randomized
wrf,174.710798,re-randomized
zeusmp,71.368747,re-randomized
zeusmp,71.368033,re-randomized
zeusmp,71.414643,re-randomized
zeusmp,71.496209,re-randomized
zeusmp,71.656664,re-randomized
zeusmp,71.139293,re-randomized
zeusmp,71.273369,re-randomized
zeusmp,71.299008,re-randomized
zeusmp,71.361914,re-randomized
zeusmp,71.342465,re-randomized
zeusmp,71.548911,re-randomized
zeusmp,71.442778,re-randomized
zeusmp,71.56551,re-randomized
zeusmp,71.393085,re-randomized
zeusmp,71.348399,re-randomized
zeusmp,71.397389,re-randomized
zeusmp,71.303028,re-randomized
zeusmp,71.451732,re-randomized
zeusmp,71.360192,re-randomized
zeusmp,71.49823,re-randomized
zeusmp,71.394532,re-randomized
zeusmp,71.330396,re-randomized
zeusmp,71.236727,re-randomized
zeusmp,71.307825,re-randomized
zeusmp,71.336004,re-randomized
zeusmp,71.377061,re-randomized
zeusmp,71.368249,re-randomized
zeusmp,71.424267,re-randomized
zeusmp,71.440099,re-randomized
zeusmp,71.279104,re-randomized
